<?xml version="1.0" encoding="UTF-8"?>
<uptime xmlns:xsi="http://www.w3.org/2001/XMLSchema-instance" version="5.0" target_grouping="other">
    <class>up.time remote api mirror</class>
    <exec>com.uptimesoftware.uptime.erdc.MonitorCustomScriptRunner</exec>
    <erdc_version>0.1</erdc_version>
    <category>Advanced and Script Monitors</category>
    <grid_info>
        <supported_versions>7.3</supported_versions>
        <supported_platforms>windows, linux</supported_platforms>
        <upgrade_in_place>true</upgrade_in_place>
        <requires_agent_scripts>false</requires_agent_scripts>
    </grid_info>
    <elements>
        <element name="process_linux" parameter_type="input" data_type="string" gui_basic="1" range_type="0" hidden="true">
            <control_options> size:40 </control_options>
            <default_value>plugins/scripts/uptime-remote-api-mirror/api-monitor.sh</default_value>
            <short_description>Script Name</short_description>
            <long_description>Name of the script/binary/process to be executed by up.time </long_description>
            <validation_rule>
                <alphanumeric/>
            </validation_rule>
            <error_message>
                <alphanumeric>required field</alphanumeric>
            </error_message>
            <gui_type>
                <string/>
            </gui_type>
        </element>
        <element name="process_windows" parameter_type="input" data_type="string" gui_basic="1" range_type="0" hidden="true">
            <control_options> size:40 </control_options>
            <default_value>plugins/scripts/uptime-remote-api-mirror/api-monitor.bat</default_value>
            <short_description>Script Name</short_description>
            <long_description>Name of the script/binary/process to be executed by up.time </long_description>
            <validation_rule>
                <alphanumeric/>
            </validation_rule>
            <error_message>
                <alphanumeric>required field</alphanumeric>
            </error_message>
            <gui_type>
                <string/>
            </gui_type>
        </element>
        <element name="api_port" parameter_type="input" data_type="integer" gui_basic="1" range_type="0">
            <control_options>width:10em</control_options>
            <default_value>9997</default_value>
            <short_description> up.time API Port </short_description>
            <long_description> The port that up.time Jetty is listening on (default: 9996) </long_description>
            <validation_rule>
                <integer/>
            </validation_rule>
            <error_message>
                <integer> The port must be an integer value </integer>
            </error_message>
            <gui_type>
                <integer/>
            </gui_type>
        </element>
        <element name="api_username" parameter_type="input" data_type="string" gui_basic="1" range_type="0">
            <control_options>width:10em</control_options>
            <short_description> username </short_description>
            <long_description> Up.time API Username </long_description>
            <validation_rule>
                <string/>
            </validation_rule>
            <error_message>
                <alphanumeric>required field</alphanumeric>
            </error_message>
            <gui_type>
                <string/>
            </gui_type>
        </element>
        <element name="api_password" parameter_type="input" data_type="string" gui_basic="1" range_type="0">
            <control_options>width:10em</control_options>
            <short_description> password </short_description>
            <long_description> Up.time API Username </long_description>
            <validation_rule>
                <string/>
            </validation_rule>
            <error_message>
                <alphanumeric>required field</alphanumeric>
            </error_message>
            <gui_type>
                <string/>
            </gui_type>
        </element>
        <element name="element_id" parameter_type="input" data_type="integer" gui_basic="1" range_type="0">
            <control_options>width:10em</control_options>
            <short_description> element-id </short_description>
            <long_description> ElementID from remote Instance </long_description>
            <validation_rule>
            </validation_rule>
            <error_message>
            </error_message>
            <gui_type>
                <integer/>
            </gui_type>
        </element>
        <element name="monitor_id" parameter_type="input" data_type="integer" gui_basic="1" range_type="0">
            <control_options>width:10em</control_options>
            <default_value>9997</default_value>
            <short_description> Monitor ID </short_description>
            <long_description> Monitor ID from Remote Instance </long_description>
            <validation_rule>
            </validation_rule>
            <error_message>    
            </error_message>
            <gui_type>
                <integer/>
            </gui_type>
        </element>
        <element name="timer" parameter_type="output" data_type="integer" gui_basic="0"
            range_type="0" units="ms">
            <control_options>size:8</control_options>
            <default_value/>
            <short_description>Response time</short_description>
            <long_description>Response time in ms</long_description>
            <validation_rule/>
            <error_message/>
            <gui_type>
                <integer/>
            </gui_type>
        </element>
    </elements>
    <help>Locally Mirror the Status of a Monitor/Element from a Remote Up.time Instance's API</help>
</uptime>
